z_model_m,depth_m,CT_data,SA_data,T_fit,S_fit
149.875,0.125,4.7691,24.8104,4.7386,24.7876
149.625,0.375,4.7859,24.8348,4.7604,24.8138
149.375,0.625,4.8024,24.8595,4.7827,24.8402
149.125,0.875,4.8205,24.8849,4.8053,24.8668
148.875,1.125,4.8397,24.9100,4.8282,24.8936
148.625,1.375,4.8590,24.9346,4.8514,24.9204
148.375,1.625,4.8786,24.9598,4.8749,24.9474
148.125,1.875,4.8994,24.9861,4.8986,24.9744
147.875,2.125,4.9225,25.0113,4.9224,25.0015
147.625,2.375,4.9450,25.0351,4.9465,25.0285
147.375,2.625,4.9667,25.0575,4.9706,25.0556
147.125,2.875,4.9878,25.0808,4.9949,25.0826
146.875,3.125,5.0105,25.1055,5.0193,25.1095
146.625,3.375,5.0340,25.1298,5.0437,25.1363
146.375,3.625,5.0576,25.1538,5.0682,25.1631
146.125,3.875,5.0810,25.1775,5.0927,25.1897
145.875,4.125,5.1039,25.2005,5.1172,25.2161
145.625,4.375,5.1262,25.2225,5.1417,25.2424
145.375,4.625,5.1475,25.2436,5.1661,25.2685
145.125,4.875,5.1681,25.2640,5.1904,25.2944
144.875,5.125,5.1880,25.2837,5.2147,25.3200
144.625,5.375,5.2072,25.3026,5.2388,25.3455
144.375,5.625,5.2257,25.3209,5.2629,25.3706
144.125,5.875,5.2436,25.3386,5.2868,25.3956
143.875,6.125,5.2608,25.3556,5.3105,25.4202
143.625,6.375,5.3041,25.4060,5.3341,25.4446
143.375,6.625,5.3441,25.4480,5.3576,25.4687
143.125,6.875,5.3793,25.4859,5.3808,25.4925
142.875,7.125,5.4129,25.5220,5.4038,25.5159
142.625,7.375,5.4449,25.5563,5.4266,25.5391
142.375,7.625,5.4761,25.5896,5.4492,25.5619
142.125,7.875,5.5062,25.6222,5.4715,25.5844
141.875,8.125,5.5353,25.6532,5.4937,25.6066
141.625,8.375,5.5634,25.6835,5.5155,25.6284
141.375,8.625,5.5909,25.7133,5.5371,25.6499
141.125,8.875,5.6185,25.7420,5.5584,25.6710
140.875,9.125,5.6459,25.7696,5.5794,25.6917
140.625,9.375,5.6730,25.7964,5.6002,25.7121
140.375,9.625,5.6994,25.8222,5.6206,25.7322
140.125,9.875,5.7254,25.8475,5.6408,25.7519
139.875,10.125,5.7511,25.8719,5.6606,25.7712
139.625,10.375,5.7762,25.8955,5.6802,25.7901
139.375,10.625,5.8008,25.9178,5.6994,25.8087
139.125,10.875,5.8239,25.9387,5.7183,25.8269
138.875,11.125,5.8457,25.9586,5.7369,25.8448
138.625,11.375,5.8667,25.9776,5.7551,25.8622
138.375,11.625,5.8865,25.9951,5.7731,25.8794
138.125,11.875,5.9050,26.0110,5.7907,25.8961
137.875,12.125,5.9213,26.0265,5.8079,25.9125
137.625,12.375,5.9371,26.0417,5.8249,25.9286
137.375,12.625,5.9524,26.0568,5.8415,25.9442
137.125,12.875,5.9671,26.0703,5.8577,25.9596
136.875,13.125,5.9798,26.0816,5.8736,25.9746
136.625,13.375,5.9908,26.0921,5.8892,25.9892
136.375,13.625,6.0007,26.1017,5.9045,26.0035
136.125,13.875,6.0096,26.1105,5.9194,26.0174
135.875,14.125,6.0177,26.1187,5.9339,26.0311
135.625,14.375,6.0254,26.1266,5.9482,26.0444
135.375,14.625,6.0329,26.1346,5.9621,26.0573
135.125,14.875,6.0402,26.1423,5.9756,26.0700
134.875,15.125,6.0474,26.1500,5.9888,26.0823
134.625,15.375,6.0543,26.1575,6.0017,26.0944
134.375,15.625,6.0611,26.1647,6.0143,26.1061
134.125,15.875,6.0677,26.1718,6.0266,26.1176
133.875,16.125,6.0742,26.1788,6.0385,26.1287
133.625,16.375,6.0807,26.1857,6.0501,26.1396
133.375,16.625,6.0869,26.1923,6.0614,26.1501
133.125,16.875,6.0930,26.1989,6.0723,26.1605
132.875,17.125,6.0990,26.2052,6.0830,26.1705
132.625,17.375,6.1049,26.2114,6.0933,26.1803
132.375,17.625,6.1106,26.2173,6.1034,26.1898
132.125,17.875,6.1163,26.2229,6.1131,26.1991
131.875,18.125,6.1219,26.2282,6.1226,26.2082
131.625,18.375,6.1271,26.2334,6.1317,26.2170
131.375,18.625,6.1322,26.2385,6.1406,26.2256
131.125,18.875,6.1372,26.2435,6.1492,26.2340
130.875,19.125,6.1421,26.2485,6.1575,26.2421
130.625,19.375,6.1470,26.2535,6.1655,26.2501
130.375,19.625,6.1519,26.2585,6.1733,26.2579
130.125,19.875,6.1566,26.2632,6.1808,26.2655
129.875,20.125,6.1611,26.2679,6.1880,26.2729
129.625,20.375,6.1655,26.2726,6.1950,26.2801
129.375,20.625,6.1699,26.2772,6.2018,26.2872
129.125,20.875,6.1743,26.2818,6.2083,26.2941
128.875,21.125,6.1786,26.2865,6.2145,26.3008
128.625,21.375,6.1829,26.2913,6.2205,26.3074
128.375,21.625,6.1871,26.2961,6.2263,26.3139
128.125,21.875,6.1912,26.3008,6.2319,26.3202
127.875,22.125,6.1952,26.3055,6.2372,26.3264
127.625,22.375,6.1991,26.3103,6.2424,26.3325
127.375,22.625,6.2029,26.3150,6.2473,26.3385
127.125,22.875,6.2066,26.3196,6.2521,26.3444
126.875,23.125,6.2103,26.3244,6.2566,26.3501
126.625,23.375,6.2141,26.3292,6.2610,26.3558
126.375,23.625,6.2181,26.3341,6.2651,26.3614
126.125,23.875,6.2220,26.3389,6.2691,26.3670
125.875,24.125,6.2260,26.3436,6.2729,26.3724
125.625,24.375,6.2300,26.3482,6.2766,26.3778
125.375,24.625,6.2338,26.3526,6.2801,26.3832
125.125,24.875,6.2375,26.3569,6.2834,26.3885
124.875,25.125,6.2412,26.3610,6.2866,26.3937
124.625,25.375,6.2447,26.3651,6.2896,26.3989
124.375,25.625,6.2482,26.3691,6.2925,26.4041
124.125,25.875,6.2516,26.3730,6.2953,26.4093
123.875,26.125,6.2549,26.3768,6.2980,26.4144
123.625,26.375,6.2582,26.3807,6.3005,26.4196
123.375,26.625,6.2616,26.3846,6.3029,26.4247
123.125,26.875,6.2650,26.3887,6.3052,26.4298
122.875,27.125,6.2684,26.3932,6.3074,26.4349
122.625,27.375,6.2719,26.3979,6.3095,26.4400
122.375,27.625,6.2752,26.4028,6.3115,26.4452
122.125,27.875,6.2786,26.4077,6.3134,26.4503
121.875,28.125,6.2821,26.4127,6.3152,26.4555
121.625,28.375,6.2856,26.4177,6.3170,26.4607
121.375,28.625,6.2892,26.4227,6.3187,26.4660
121.125,28.875,6.2927,26.4278,6.3203,26.4713
120.875,29.125,6.2961,26.4333,6.3218,26.4766
120.625,29.375,6.2996,26.4390,6.3233,26.4820
120.375,29.625,6.3028,26.4448,6.3247,26.4874
120.125,29.875,6.3059,26.4509,6.3261,26.4929
119.875,30.125,6.3089,26.4572,6.3275,26.4985
119.625,30.375,6.3118,26.4636,6.3288,26.5041
119.375,30.625,6.3146,26.4701,6.3301,26.5097
119.125,30.875,6.3174,26.4766,6.3313,26.5155
118.875,31.125,6.3201,26.4832,6.3325,26.5213
118.625,31.375,6.3228,26.4897,6.3337,26.5272
118.375,31.625,6.3256,26.4963,6.3349,26.5332
118.125,31.875,6.3282,26.5031,6.3361,26.5393
117.875,32.125,6.3306,26.5098,6.3373,26.5454
117.625,32.375,6.3328,26.5163,6.3384,26.5517
117.375,32.625,6.3351,26.5231,6.3396,26.5580
117.125,32.875,6.3376,26.5301,6.3408,26.5645
116.875,33.125,6.3401,26.5374,6.3420,26.5710
116.625,33.375,6.3427,26.5449,6.3432,26.5776
116.375,33.625,6.3450,26.5526,6.3444,26.5844
116.125,33.875,6.3470,26.5605,6.3456,26.5912
115.875,34.125,6.3488,26.5687,6.3469,26.5982
115.625,34.375,6.3504,26.5771,6.3482,26.6052
115.375,34.625,6.3521,26.5857,6.3495,26.6124
115.125,34.875,6.3538,26.5944,6.3509,26.6197
114.875,35.125,6.3554,26.6038,6.3523,26.6271
114.625,35.375,6.3573,26.6136,6.3537,26.6346
114.375,35.625,6.3592,26.6237,6.3552,26.6422
114.125,35.875,6.3612,26.6340,6.3567,26.6500
113.875,36.125,6.3635,26.6443,6.3583,26.6578
113.625,36.375,6.3660,26.6549,6.3599,26.6658
113.375,36.625,6.3684,26.6655,6.3616,26.6739
113.125,36.875,6.3707,26.6761,6.3634,26.6821
112.875,37.125,6.3731,26.6861,6.3652,26.6905
112.625,37.375,6.3754,26.6961,6.3671,26.6989
112.375,37.625,6.3775,26.7060,6.3690,26.7075
112.125,37.875,6.3796,26.7158,6.3710,26.7162
111.875,38.125,6.3815,26.7257,6.3731,26.7251
111.625,38.375,6.3837,26.7359,6.3752,26.7340
111.375,38.625,6.3860,26.7461,6.3775,26.7431
111.125,38.875,6.3884,26.7564,6.3798,26.7523
110.875,39.125,6.3909,26.7664,6.3821,26.7616
110.625,39.375,6.3936,26.7763,6.3846,26.7710
110.375,39.625,6.3966,26.7863,6.3872,26.7805
110.125,39.875,6.4001,26.7959,6.3898,26.7902
109.875,40.125,6.4036,26.8055,6.3925,26.8000
109.625,40.375,6.4071,26.8153,6.3953,26.8099
109.375,40.625,6.4104,26.8255,6.3982,26.8199
109.125,40.875,6.4139,26.8361,6.4011,26.8300
108.875,41.125,6.4175,26.8468,6.4042,26.8403
108.625,41.375,6.4208,26.8576,6.4074,26.8506
108.375,41.625,6.4237,26.8687,6.4106,26.8611
108.125,41.875,6.4268,26.8799,6.4140,26.8717
107.875,42.125,6.4302,26.8909,6.4174,26.8824
107.625,42.375,6.4336,26.9019,6.4209,26.8932
107.375,42.625,6.4367,26.9127,6.4245,26.9041
107.125,42.875,6.4396,26.9235,6.4283,26.9151
106.875,43.125,6.4422,26.9341,6.4321,26.9262
106.625,43.375,6.4446,26.9446,6.4360,26.9374
106.375,43.625,6.4472,26.9550,6.4400,26.9487
106.125,43.875,6.4496,26.9654,6.4441,26.9600
105.875,44.125,6.4517,26.9763,6.4483,26.9715
105.625,44.375,6.4539,26.9872,6.4526,26.9831
105.375,44.625,6.4566,26.9984,6.4570,26.9948
105.125,44.875,6.4600,27.0095,6.4615,27.0065
104.875,45.125,6.4631,27.0200,6.4661,27.0184
104.625,45.375,6.4657,27.0304,6.4708,27.0303
104.375,45.625,6.4688,27.0411,6.4756,27.0423
104.125,45.875,6.4723,27.0522,6.4805,27.0543
103.875,46.125,6.4760,27.0640,6.4855,27.0665
103.625,46.375,6.4803,27.0761,6.4906,27.0787
103.375,46.625,6.4857,27.0888,6.4958,27.0910
103.125,46.875,6.4914,27.1017,6.5011,27.1034
102.875,47.125,6.4973,27.1151,6.5064,27.1158
102.625,47.375,6.5039,27.1288,6.5119,27.1283
102.375,47.625,6.5112,27.1429,6.5175,27.1408
102.125,47.875,6.5200,27.1573,6.5231,27.1534
101.875,48.125,6.5286,27.1715,6.5289,27.1661
101.625,48.375,6.5375,27.1860,6.5347,27.1788
101.375,48.625,6.5474,27.2006,6.5406,27.1915
101.125,48.875,6.5570,27.2151,6.5467,27.2043
100.875,49.125,6.5669,27.2299,6.5528,27.2172
100.625,49.375,6.5767,27.2445,6.5590,27.2300
100.375,49.625,6.5856,27.2594,6.5653,27.2429
100.125,49.875,6.5937,27.2745,6.5716,27.2559
99.875,50.125,6.6008,27.2897,6.5781,27.2689
99.625,50.375,6.6083,27.3053,6.5846,27.2819
99.375,50.625,6.6174,27.3206,6.5912,27.2949
99.125,50.875,6.6266,27.3357,6.5979,27.3079
98.875,51.125,6.6354,27.3510,6.6047,27.3210
98.625,51.375,6.6445,27.3663,6.6116,27.3341
98.375,51.625,6.6540,27.3814,6.6185,27.3472
98.125,51.875,6.6633,27.3964,6.6255,27.3603
97.875,52.125,6.6721,27.4116,6.6326,27.3734
97.625,52.375,6.6806,27.4271,6.6397,27.3865
97.375,52.625,6.6894,27.4428,6.6470,27.3996
97.125,52.875,6.6984,27.4584,6.6543,27.4128
96.875,53.125,6.7075,27.4739,6.6616,27.4259
96.625,53.375,6.7166,27.4893,6.6690,27.4390
96.375,53.625,6.7261,27.5050,6.6765,27.4521
96.125,53.875,6.7359,27.5204,6.6841,27.4651
95.875,54.125,6.7459,27.5350,6.6917,27.4782
95.625,54.375,6.7558,27.5494,6.6994,27.4913
95.375,54.625,6.7649,27.5635,6.7071,27.5043
95.125,54.875,6.7729,27.5775,6.7149,27.5173
94.875,55.125,6.7802,27.5916,6.7227,27.5302
94.625,55.375,6.7875,27.6054,6.7306,27.5432
94.375,55.625,6.7941,27.6190,6.7385,27.5561
94.125,55.875,6.8002,27.6321,6.7465,27.5690
93.875,56.125,6.8058,27.6447,6.7545,27.5818
93.625,56.375,6.8105,27.6569,6.7626,27.5946
93.375,56.625,6.8141,27.6686,6.7707,27.6074
93.125,56.875,6.8176,27.6803,6.7789,27.6201
92.875,57.125,6.8210,27.6915,6.7871,27.6327
92.625,57.375,6.8244,27.7030,6.7953,27.6454
92.375,57.625,6.8280,27.7140,6.8036,27.6579
92.125,57.875,6.8304,27.7246,6.8118,27.6704
91.875,58.125,6.8327,27.7352,6.8202,27.6829
91.625,58.375,6.8345,27.7454,6.8285,27.6953
91.375,58.625,6.8356,27.7555,6.8369,27.7076
91.125,58.875,6.8374,27.7655,6.8453,27.7199
90.875,59.125,6.8390,27.7752,6.8538,27.7321
90.625,59.375,6.8410,27.7848,6.8622,27.7442
90.375,59.625,6.8437,27.7943,6.8707,27.7563
90.125,59.875,6.8474,27.8036,6.8792,27.7683
89.875,60.125,6.8521,27.8126,6.8877,27.7802
89.625,60.375,6.8567,27.8210,6.8962,27.7921
89.375,60.625,6.8602,27.8293,6.9047,27.8038
89.125,60.875,6.8637,27.8375,6.9133,27.8155
88.875,61.125,6.8676,27.8453,6.9218,27.8271
88.625,61.375,6.8717,27.8529,6.9304,27.8387
88.375,61.625,6.8774,27.8609,6.9389,27.8501
88.125,61.875,6.8839,27.8690,6.9475,27.8615
87.875,62.125,6.8919,27.8773,6.9560,27.8728
87.625,62.375,6.9010,27.8853,6.9646,27.8840
87.375,62.625,6.9104,27.8933,6.9731,27.8951
87.125,62.875,6.9198,27.9016,6.9817,27.9061
86.875,63.125,6.9296,27.9098,6.9902,27.9170
86.625,63.375,6.9396,27.9180,6.9988,27.9279
86.375,63.625,6.9492,27.9260,7.0073,27.9386
86.125,63.875,6.9593,27.9342,7.0158,27.9492
85.875,64.125,6.9698,27.9425,7.0243,27.9598
85.625,64.375,6.9805,27.9509,7.0328,27.9703
85.375,64.625,6.9919,27.9594,7.0412,27.9806
85.125,64.875,7.0037,27.9679,7.0497,27.9909
84.875,65.125,7.0166,27.9765,7.0581,28.0011
84.625,65.375,7.0299,27.9849,7.0665,28.0111
84.375,65.625,7.0432,27.9931,7.0749,28.0211
84.125,65.875,7.0569,28.0013,7.0832,28.0310
83.875,66.125,7.0706,28.0093,7.0916,28.0408
83.625,66.375,7.0844,28.0170,7.0999,28.0504
83.375,66.625,7.0976,28.0245,7.1081,28.0600
83.125,66.875,7.1099,28.0319,7.1164,28.0695
82.875,67.125,7.1214,28.0392,7.1246,28.0788
82.625,67.375,7.1321,28.0463,7.1327,28.0881
82.375,67.625,7.1422,28.0534,7.1409,28.0973
82.125,67.875,7.1523,28.0606,7.1489,28.1064
81.875,68.125,7.1624,28.0677,7.1570,28.1153
81.625,68.375,7.1727,28.0748,7.1650,28.1242
81.375,68.625,7.1827,28.0818,7.1730,28.1330
81.125,68.875,7.1921,28.0887,7.1809,28.1416
80.875,69.125,7.2013,28.0958,7.1888,28.1502
80.625,69.375,7.2105,28.1031,7.1967,28.1587
80.375,69.625,7.2196,28.1107,7.2045,28.1671
80.125,69.875,7.2289,28.1187,7.2122,28.1753
79.875,70.125,7.2382,28.1267,7.2199,28.1835
79.625,70.375,7.2470,28.1347,7.2276,28.1916
79.375,70.625,7.2557,28.1428,7.2352,28.1996
79.125,70.875,7.2641,28.1509,7.2427,28.2075
78.875,71.125,7.2722,28.1591,7.2502,28.2153
78.625,71.375,7.2805,28.1674,7.2577,28.2230
78.375,71.625,7.2875,28.1753,7.2651,28.2306
78.125,71.875,7.2940,28.1830,7.2724,28.2381
77.875,72.125,7.2998,28.1907,7.2797,28.2455
77.625,72.375,7.3052,28.1988,7.2869,28.2529
77.375,72.625,7.3105,28.2066,7.2941,28.2601
77.125,72.875,7.3156,28.2143,7.3012,28.2673
76.875,73.125,7.3204,28.2220,7.3082,28.2743
76.625,73.375,7.3252,28.2298,7.3152,28.2813
76.375,73.625,7.3297,28.2373,7.3222,28.2882
76.125,73.875,7.3339,28.2448,7.3290,28.2950
75.875,74.125,7.3378,28.2524,7.3358,28.3018
75.625,74.375,7.3415,28.2599,7.3426,28.3084
75.375,74.625,7.3451,28.2673,7.3492,28.3150
75.125,74.875,7.3488,28.2748,7.3559,28.3215
74.875,75.125,7.3524,28.2821,7.3624,28.3279
74.625,75.375,7.3557,28.2893,7.3689,28.3343
74.375,75.625,7.3589,28.2965,7.3753,28.3406
74.125,75.875,7.3622,28.3036,7.3817,28.3468
73.875,76.125,7.3654,28.3108,7.3880,28.3529
73.625,76.375,7.3686,28.3180,7.3942,28.3590
73.375,76.625,7.3732,28.3257,7.4003,28.3650
73.125,76.875,7.3787,28.3334,7.4064,28.3709
72.875,77.125,7.3850,28.3413,7.4125,28.3768
72.625,77.375,7.3920,28.3491,7.4184,28.3826
72.375,77.625,7.3988,28.3568,7.4243,28.3884
72.125,77.875,7.4056,28.3647,7.4301,28.3941
71.875,78.125,7.4124,28.3727,7.4359,28.3997
71.625,78.375,7.4191,28.3808,7.4415,28.4053
71.375,78.625,7.4259,28.3891,7.4472,28.4109
71.125,78.875,7.4326,28.3972,7.4527,28.4164
70.875,79.125,7.4391,28.4054,7.4582,28.4218
70.625,79.375,7.4454,28.4133,7.4636,28.4272
70.375,79.625,7.4517,28.4209,7.4689,28.4326
70.125,79.875,7.4576,28.4281,7.4742,28.4379
69.875,80.125,7.4636,28.4352,7.4794,28.4431
69.625,80.375,7.4698,28.4423,7.4845,28.4484
69.375,80.625,7.4760,28.4492,7.4895,28.4536
69.125,80.875,7.4824,28.4562,7.4945,28.4587
68.875,81.125,7.4891,28.4632,7.4994,28.4639
68.625,81.375,7.4956,28.4700,7.5043,28.4690
68.375,81.625,7.5018,28.4767,7.5091,28.4740
68.125,81.875,7.5079,28.4833,7.5138,28.4791
67.875,82.125,7.5135,28.4895,7.5184,28.4841
67.625,82.375,7.5185,28.4954,7.5230,28.4891
67.375,82.625,7.5232,28.5011,7.5275,28.4941
67.125,82.875,7.5274,28.5066,7.5319,28.4990
66.875,83.125,7.5312,28.5121,7.5363,28.5039
66.625,83.375,7.5349,28.5177,7.5406,28.5089
66.375,83.625,7.5389,28.5235,7.5448,28.5138
66.125,83.875,7.5433,28.5295,7.5490,28.5187
65.875,84.125,7.5481,28.5355,7.5531,28.5236
65.625,84.375,7.5534,28.5417,7.5571,28.5284
65.375,84.625,7.5588,28.5479,7.5610,28.5333
65.125,84.875,7.5639,28.5541,7.5649,28.5382
64.875,85.125,7.5690,28.5604,7.5687,28.5430
64.625,85.375,7.5742,28.5668,7.5725,28.5479
64.375,85.625,7.5795,28.5732,7.5762,28.5528
64.125,85.875,7.5844,28.5794,7.5798,28.5576
63.875,86.125,7.5893,28.5856,7.5833,28.5625
63.625,86.375,7.5943,28.5919,7.5868,28.5674
63.375,86.625,7.5985,28.5978,7.5902,28.5722
63.125,86.875,7.6025,28.6036,7.5936,28.5771
62.875,87.125,7.6062,28.6095,7.5969,28.5820
62.625,87.375,7.6096,28.6155,7.6001,28.5869
62.375,87.625,7.6128,28.6215,7.6033,28.5919
62.125,87.875,7.6161,28.6274,7.6063,28.5968
61.875,88.125,7.6193,28.6333,7.6094,28.6017
61.625,88.375,7.6228,28.6392,7.6123,28.6067
61.375,88.625,7.6261,28.6451,7.6152,28.6117
61.125,88.875,7.6295,28.6511,7.6180,28.6167
60.875,89.125,7.6330,28.6570,7.6208,28.6217
60.625,89.375,7.6363,28.6630,7.6235,28.6267
60.375,89.625,7.6396,28.6690,7.6261,28.6318
60.125,89.875,7.6429,28.6751,7.6287,28.6369
59.875,90.125,7.6459,28.6814,7.6312,28.6420
59.625,90.375,7.6490,28.6876,7.6336,28.6471
59.375,90.625,7.6518,28.6938,7.6360,28.6523
59.125,90.875,7.6543,28.6998,7.6383,28.6575
58.875,91.125,7.6564,28.7057,7.6406,28.6627
58.625,91.375,7.6584,28.7115,7.6428,28.6680
58.375,91.625,7.6600,28.7173,7.6449,28.6732
58.125,91.875,7.6614,28.7231,7.6469,28.6785
57.875,92.125,7.6627,28.7289,7.6489,28.6839
57.625,92.375,7.6642,28.7347,7.6509,28.6892
57.375,92.625,7.6659,28.7407,7.6527,28.6946
57.125,92.875,7.6682,28.7466,7.6545,28.7000
56.875,93.125,7.6710,28.7525,7.6562,28.7055
56.625,93.375,7.6739,28.7582,7.6579,28.7110
56.375,93.625,7.6766,28.7638,7.6595,28.7165
56.125,93.875,7.6791,28.7691,7.6610,28.7220
55.875,94.125,7.6812,28.7742,7.6625,28.7276
55.625,94.375,7.6829,28.7791,7.6639,28.7332
55.375,94.625,7.6843,28.7838,7.6652,28.7389
55.125,94.875,7.6855,28.7886,7.6665,28.7446
54.875,95.125,7.6868,28.7933,7.6677,28.7503
54.625,95.375,7.6880,28.7978,7.6688,28.7560
54.375,95.625,7.6891,28.8024,7.6699,28.7618
54.125,95.875,7.6902,28.8070,7.6709,28.7676
53.875,96.125,7.6913,28.8117,7.6718,28.7735
53.625,96.375,7.6923,28.8168,7.6727,28.7793
53.375,96.625,7.6932,28.8222,7.6735,28.7852
53.125,96.875,7.6940,28.8277,7.6742,28.7912
52.875,97.125,7.6948,28.8329,7.6748,28.7971
52.625,97.375,7.6956,28.8380,7.6754,28.8031
52.375,97.625,7.6964,28.8426,7.6759,28.8091
52.125,97.875,7.6971,28.8473,7.6763,28.8152
51.875,98.125,7.6976,28.8519,7.6767,28.8213
51.625,98.375,7.6978,28.8563,7.6770,28.8274
51.375,98.625,7.6980,28.8606,7.6772,28.8335
51.125,98.875,7.6980,28.8649,7.6773,28.8397
50.875,99.125,7.6980,28.8691,7.6773,28.8458
50.625,99.375,7.6980,28.8732,7.6773,28.8521
50.375,99.625,7.6976,28.8772,7.6772,28.8583
50.125,99.875,7.6971,28.8809,7.6770,28.8645
49.875,100.125,7.6964,28.8844,7.6767,28.8708
49.625,100.375,7.6955,28.8879,7.6763,28.8771
49.375,100.625,7.6944,28.8913,7.6759,28.8835
49.125,100.875,7.6930,28.8947,7.6754,28.8898
48.875,101.125,7.6914,28.8981,7.6747,28.8962
48.625,101.375,7.6897,28.9016,7.6740,28.9025
48.375,101.625,7.6881,28.9052,7.6732,28.9089
48.125,101.875,7.6864,28.9089,7.6724,28.9154
47.875,102.125,7.6847,28.9125,7.6714,28.9218
47.625,102.375,7.6828,28.9162,7.6703,28.9282
47.375,102.625,7.6807,28.9200,7.6691,28.9347
47.125,102.875,7.6783,28.9239,7.6679,28.9412
46.875,103.125,7.6756,28.9279,7.6665,28.9477
46.625,103.375,7.6725,28.9323,7.6651,28.9542
46.375,103.625,7.6693,28.9367,7.6635,28.9607
46.125,103.875,7.6659,28.9413,7.6619,28.9672
45.875,104.125,7.6624,28.9458,7.6601,28.9738
45.625,104.375,7.6588,28.9504,7.6582,28.9803
45.375,104.625,7.6551,28.9549,7.6562,28.9869
45.125,104.875,7.6513,28.9595,7.6541,28.9935
44.875,105.125,7.6472,28.9643,7.6519,29.0001
44.625,105.375,7.6427,28.9695,7.6496,29.0066
44.375,105.625,7.6380,28.9751,7.6472,29.0133
44.125,105.875,7.6333,28.9811,7.6447,29.0199
43.875,106.125,7.6284,28.9874,7.6420,29.0265
43.625,106.375,7.6234,28.9933,7.6392,29.0331
43.375,106.625,7.6184,28.9989,7.6363,29.0398
43.125,106.875,7.6133,29.0045,7.6333,29.0464
42.875,107.125,7.6080,29.0100,7.6302,29.0531
42.625,107.375,7.6027,29.0156,7.6269,29.0598
42.375,107.625,7.5973,29.0215,7.6235,29.0665
42.125,107.875,7.5918,29.0275,7.6199,29.0732
41.875,108.125,7.5862,29.0334,7.6163,29.0800
41.625,108.375,7.5802,29.0395,7.6124,29.0867
41.375,108.625,7.5741,29.0456,7.6085,29.0935
41.125,108.875,7.5681,29.0518,7.6044,29.1003
40.875,109.125,7.5621,29.0579,7.6002,29.1071
40.625,109.375,7.5562,29.0645,7.5958,29.1140
40.375,109.625,7.5507,29.0713,7.5913,29.1208
40.125,109.875,7.5451,29.0783,7.5866,29.1277
39.875,110.125,7.5395,29.0857,7.5818,29.1347
39.625,110.375,7.5340,29.0932,7.5769,29.1416
39.375,110.625,7.5287,29.1008,7.5717,29.1487
39.125,110.875,7.5236,29.1084,7.5665,29.1557
38.875,111.125,7.5186,29.1162,7.5610,29.1628
38.625,111.375,7.5134,29.1243,7.5555,29.1700
38.375,111.625,7.5081,29.1327,7.5497,29.1772
38.125,111.875,7.5030,29.1413,7.5438,29.1845
37.875,112.125,7.4978,29.1503,7.5377,29.1919
37.625,112.375,7.4926,29.1592,7.5315,29.1993
37.375,112.625,7.4876,29.1682,7.5251,29.2068
37.125,112.875,7.4823,29.1774,7.5185,29.2144
36.875,113.125,7.4769,29.1866,7.5117,29.2221
36.625,113.375,7.4716,29.1955,7.5048,29.2298
36.375,113.625,7.4661,29.2046,7.4977,29.2377
36.125,113.875,7.4599,29.2144,7.4904,29.2457
35.875,114.125,7.4534,29.2246,7.4830,29.2539
35.625,114.375,7.4470,29.2347,7.4753,29.2621
35.375,114.625,7.4404,29.2450,7.4675,29.2705
35.125,114.875,7.4336,29.2555,7.4595,29.2791
34.875,115.125,7.4267,29.2661,7.4513,29.2878
34.625,115.375,7.4198,29.2765,7.4430,29.2967
34.375,115.625,7.4130,29.2871,7.4344,29.3058
34.125,115.875,7.4061,29.2978,7.4257,29.3151
33.875,116.125,7.3994,29.3086,7.4168,29.3246
33.625,116.375,7.3927,29.3198,7.4077,29.3343
33.375,116.625,7.3857,29.3315,7.3984,29.3442
33.125,116.875,7.3784,29.3438,7.3889,29.3544
32.875,117.125,7.3707,29.3567,7.3792,29.3649
32.625,117.375,7.3630,29.3699,7.3694,29.3756
32.375,117.625,7.3554,29.3832,7.3593,29.3867
32.125,117.875,7.3478,29.3966,7.3491,29.3980
31.875,118.125,7.3399,29.4102,7.3387,29.4097
31.625,118.375,7.3320,29.4240,7.3280,29.4218
31.375,118.625,7.3240,29.4381,7.3172,29.4342
31.125,118.875,7.3152,29.4531,7.3062,29.4470
30.875,119.125,7.3055,29.4689,7.2951,29.4602
30.625,119.375,7.2949,29.4851,7.2837,29.4739
30.375,119.625,7.2836,29.5015,7.2721,29.4880
30.125,119.875,7.2722,29.5178,7.2604,29.5026
29.875,120.125,7.2611,29.5336,7.2485,29.5177
29.625,120.375,7.2496,29.5498,7.2364,29.5333
29.375,120.625,7.2372,29.5669,7.2241,29.5495
29.125,120.875,7.2242,29.5847,7.2117,29.5663
28.875,121.125,7.2107,29.6029,7.1991,29.5837
28.625,121.375,7.1973,29.6210,7.1863,29.6017
28.375,121.625,7.1841,29.6386,7.1733,29.6204
28.125,121.875,7.1704,29.6565,7.1602,29.6398
27.875,122.125,7.1557,29.6751,7.1469,29.6600
27.625,122.375,7.1399,29.6946,7.1335,29.6809
27.375,122.625,7.1238,29.7144,7.1199,29.7026
27.125,122.875,7.1078,29.7339,7.1061,29.7252
26.875,123.125,7.0914,29.7539,7.0922,29.7486
26.625,123.375,7.0745,29.7743,7.0782,29.7730
26.375,123.625,7.0575,29.7949,7.0640,29.7983
26.125,123.875,7.0408,29.8150,7.0497,29.8246
25.875,124.125,7.0239,29.8353,7.0353,29.8519
25.625,124.375,7.0064,29.8559,7.0207,29.8804
25.375,124.625,6.9890,29.8765,7.0061,29.9099
25.125,124.875,6.9721,29.8967,6.9913,29.9407
24.875,125.125,6.9721,29.8967,6.9839,29.9565
24.625,125.375,6.9721,29.8967,6.9839,29.9565
24.375,125.625,6.9721,29.8967,6.9839,29.9565
24.125,125.875,6.9721,29.8967,6.9839,29.9565
23.875,126.125,6.9721,29.8967,6.9839,29.9565
23.625,126.375,6.9721,29.8967,6.9839,29.9565
23.375,126.625,6.9721,29.8967,6.9839,29.9565
23.125,126.875,6.9721,29.8967,6.9839,29.9565
22.875,127.125,6.9721,29.8967,6.9839,29.9565
22.625,127.375,6.9721,29.8967,6.9839,29.9565
22.375,127.625,6.9721,29.8967,6.9839,29.9565
22.125,127.875,6.9721,29.8967,6.9839,29.9565
21.875,128.125,6.9721,29.8967,6.9839,29.9565
21.625,128.375,6.9721,29.8967,6.9839,29.9565
21.375,128.625,6.9721,29.8967,6.9839,29.9565
21.125,128.875,6.9721,29.8967,6.9839,29.9565
20.875,129.125,6.9721,29.8967,6.9839,29.9565
20.625,129.375,6.9721,29.8967,6.9839,29.9565
20.375,129.625,6.9721,29.8967,6.9839,29.9565
20.125,129.875,6.9721,29.8967,6.9839,29.9565
19.875,130.125,6.9721,29.8967,6.9839,29.9565
19.625,130.375,6.9721,29.8967,6.9839,29.9565
19.375,130.625,6.9721,29.8967,6.9839,29.9565
19.125,130.875,6.9721,29.8967,6.9839,29.9565
18.875,131.125,6.9721,29.8967,6.9839,29.9565
18.625,131.375,6.9721,29.8967,6.9839,29.9565
18.375,131.625,6.9721,29.8967,6.9839,29.9565
18.125,131.875,6.9721,29.8967,6.9839,29.9565
17.875,132.125,6.9721,29.8967,6.9839,29.9565
17.625,132.375,6.9721,29.8967,6.9839,29.9565
17.375,132.625,6.9721,29.8967,6.9839,29.9565
17.125,132.875,6.9721,29.8967,6.9839,29.9565
16.875,133.125,6.9721,29.8967,6.9839,29.9565
16.625,133.375,6.9721,29.8967,6.9839,29.9565
16.375,133.625,6.9721,29.8967,6.9839,29.9565
16.125,133.875,6.9721,29.8967,6.9839,29.9565
15.875,134.125,6.9721,29.8967,6.9839,29.9565
15.625,134.375,6.9721,29.8967,6.9839,29.9565
15.375,134.625,6.9721,29.8967,6.9839,29.9565
15.125,134.875,6.9721,29.8967,6.9839,29.9565
14.875,135.125,6.9721,29.8967,6.9839,29.9565
14.625,135.375,6.9721,29.8967,6.9839,29.9565
14.375,135.625,6.9721,29.8967,6.9839,29.9565
14.125,135.875,6.9721,29.8967,6.9839,29.9565
13.875,136.125,6.9721,29.8967,6.9839,29.9565
13.625,136.375,6.9721,29.8967,6.9839,29.9565
13.375,136.625,6.9721,29.8967,6.9839,29.9565
13.125,136.875,6.9721,29.8967,6.9839,29.9565
12.875,137.125,6.9721,29.8967,6.9839,29.9565
12.625,137.375,6.9721,29.8967,6.9839,29.9565
12.375,137.625,6.9721,29.8967,6.9839,29.9565
12.125,137.875,6.9721,29.8967,6.9839,29.9565
11.875,138.125,6.9721,29.8967,6.9839,29.9565
11.625,138.375,6.9721,29.8967,6.9839,29.9565
11.375,138.625,6.9721,29.8967,6.9839,29.9565
11.125,138.875,6.9721,29.8967,6.9839,29.9565
10.875,139.125,6.9721,29.8967,6.9839,29.9565
10.625,139.375,6.9721,29.8967,6.9839,29.9565
10.375,139.625,6.9721,29.8967,6.9839,29.9565
10.125,139.875,6.9721,29.8967,6.9839,29.9565
9.875,140.125,6.9721,29.8967,6.9839,29.9565
9.625,140.375,6.9721,29.8967,6.9839,29.9565
9.375,140.625,6.9721,29.8967,6.9839,29.9565
9.125,140.875,6.9721,29.8967,6.9839,29.9565
8.875,141.125,6.9721,29.8967,6.9839,29.9565
8.625,141.375,6.9721,29.8967,6.9839,29.9565
8.375,141.625,6.9721,29.8967,6.9839,29.9565
8.125,141.875,6.9721,29.8967,6.9839,29.9565
7.875,142.125,6.9721,29.8967,6.9839,29.9565
7.625,142.375,6.9721,29.8967,6.9839,29.9565
7.375,142.625,6.9721,29.8967,6.9839,29.9565
7.125,142.875,6.9721,29.8967,6.9839,29.9565
6.875,143.125,6.9721,29.8967,6.9839,29.9565
6.625,143.375,6.9721,29.8967,6.9839,29.9565
6.375,143.625,6.9721,29.8967,6.9839,29.9565
6.125,143.875,6.9721,29.8967,6.9839,29.9565
5.875,144.125,6.9721,29.8967,6.9839,29.9565
5.625,144.375,6.9721,29.8967,6.9839,29.9565
5.375,144.625,6.9721,29.8967,6.9839,29.9565
5.125,144.875,6.9721,29.8967,6.9839,29.9565
4.875,145.125,6.9721,29.8967,6.9839,29.9565
4.625,145.375,6.9721,29.8967,6.9839,29.9565
4.375,145.625,6.9721,29.8967,6.9839,29.9565
4.125,145.875,6.9721,29.8967,6.9839,29.9565
3.875,146.125,6.9721,29.8967,6.9839,29.9565
3.625,146.375,6.9721,29.8967,6.9839,29.9565
3.375,146.625,6.9721,29.8967,6.9839,29.9565
3.125,146.875,6.9721,29.8967,6.9839,29.9565
2.875,147.125,6.9721,29.8967,6.9839,29.9565
2.625,147.375,6.9721,29.8967,6.9839,29.9565
2.375,147.625,6.9721,29.8967,6.9839,29.9565
2.125,147.875,6.9721,29.8967,6.9839,29.9565
1.875,148.125,6.9721,29.8967,6.9839,29.9565
1.625,148.375,6.9721,29.8967,6.9839,29.9565
1.375,148.625,6.9721,29.8967,6.9839,29.9565
1.125,148.875,6.9721,29.8967,6.9839,29.9565
0.875,149.125,6.9721,29.8967,6.9839,29.9565
0.625,149.375,6.9721,29.8967,6.9839,29.9565
0.375,149.625,6.9721,29.8967,6.9839,29.9565
0.125,149.875,6.9721,29.8967,6.9839,29.9565
